,Player,Season,AGE,GP,PTS,SOT_Att,SOT_Scored,SOT_Saved,SOT_Pct,GS,W,L,TplusOTL,GA,SA,SV,SV_Pct,GAA,SUT,GPS,MIN,QS,RBS,LENGTH,AAV
23,Thatcher Demko,2021,25.0,23.666666666666668,0.3333333333333333,8.333333333333334,1.3333333333333333,7.0,83.33333333333333,22.666666666666668,11.0,10.333333333333334,1.3333333333333333,67.33333333333333,758.0,690.6666666666666,0.911,2.9066666666666667,0.3333333333333333,4.566666666666666,1383.3333333333333,13.333333333333334,3.333333333333333,5,5000000.0
26,Jordan Binnington,2021,27.0,41.333333333333336,0.6666666666666666,12.0,3.333333333333333,8.666666666666666,73.63333333333334,40.333333333333336,24.0,10.666666666666666,5.333333333333333,97.66666666666669,1145.6666666666667,1048.0,0.9163333333333332,2.3666666666666667,2.6666666666666665,7.233333333333333,2424.0,23.0,3.6666666666666665,6,6000000.0
29,Cory Schneider,2021,34.0,26.0,0.0,9.0,5.0,4.0,44.4,23.0,6.0,13.0,4.0,70.0,718.0,648.0,0.903,3.06,1.0,3.4,1372.0,10.0,5.0,1,700000.0
31,Craig Anderson,2021,39.0,50.0,2.0,2.0,2.0,0.0,0.0,47.0,17.0,27.0,4.0,163.0,1676.0,1513.0,0.903,3.51,2.0,8.1,2785.0,19.0,8.0,1,700000.0
41,Anthony Stolarz,2021,27.0,13.0,0.5,4.5,1.5,3.0,75.0,9.5,4.0,4.0,1.5,33.5,366.5,333.0,0.9135,2.825,1.0,2.05,666.5,5.0,1.5,2,950000.0
57,Ryan Miller,2020,39.0,23.666666666666668,0.3333333333333333,8.666666666666666,3.0,5.666666666666667,43.96666666666667,19.0,9.666666666666666,6.333333333333333,4.0,56.0,667.3333333333334,611.3333333333334,0.9156666666666666,2.736666666666667,1.6666666666666667,4.1000000000000005,1233.3333333333333,11.333333333333334,2.333333333333333,1,1000000.0
62,Mackenzie Blackwood,2020,23.0,35.0,0.5,24.0,6.5,17.5,76.6,32.0,16.0,12.0,4.0,89.5,1060.5,971.0,0.9165,2.69,2.5,6.65,1974.0,18.0,5.0,3,2800000.0
90,Linus Ullmark,2020,26.0,35.5,0.5,9.5,1.0,8.5,89.45,34.0,16.0,14.0,4.0,100.0,1106.0,1006.0,0.91,2.9,1.5,6.199999999999999,2064.5,18.5,4.0,1,2600000.0
113,Alexandar Georgiev,2020,24.0,33.5,1.5,11.0,3.5,7.5,82.5,31.0,15.5,13.5,3.0,93.5,1060.0,966.5,0.912,2.975,2.0,6.15,1883.0,16.0,4.0,2,2425000.0
117,Jake Allen,2020,30.0,43.0,0.3333333333333333,6.333333333333333,2.6666666666666665,3.6666666666666665,68.06666666666666,40.66666666666666,19.33333333333333,16.0,4.666666666666667,107.0,1182.0,1075.0,0.9126666666666666,2.5766666666666667,2.0,6.433333333333334,2408.0,22.0,7.0,2,2875000.0
118,Aaron Dell,2020,31.0,29.0,0.3333333333333333,3.6666666666666665,1.0,2.6666666666666665,75.56666666666666,24.0,12.333333333333334,9.333333333333334,3.6666666666666665,76.33333333333333,791.3333333333334,715.0,0.9023333333333332,2.94,1.3333333333333333,3.8666666666666663,1559.6666666666667,10.666666666666666,5.0,1,800000.0
140,Mike Smith,2020,38.0,45.333333333333336,2.333333333333333,9.666666666666666,5.0,4.666666666666667,41.16666666666666,44.0,22.33333333333333,16.666666666666668,4.666666666666667,118.66666666666669,1280.6666666666667,1162.0,0.9053333333333334,2.773333333333333,2.0,6.699999999999999,2582.6666666666665,23.0,9.0,1,1500000.0
150,Thomas Greiss,2020,34.0,33.666666666666664,0.3333333333333333,11.666666666666666,2.333333333333333,9.333333333333334,53.76666666666667,30.666666666666668,17.333333333333332,10.333333333333334,2.6666666666666665,85.0,967.3333333333334,882.3333333333334,0.9106666666666668,2.9466666666666668,2.0,5.566666666666666,1794.0,16.333333333333332,6.333333333333333,2,3600000.0
156,Braden Holtby,2020,30.0,53.66666666666666,1.0,16.333333333333332,4.333333333333333,12.0,76.3,53.0,30.33333333333333,16.333333333333332,5.0,151.66666666666666,1609.3333333333333,1457.6666666666667,0.905,2.973333333333333,1.0,8.166666666666666,3072.6666666666665,28.33333333333333,9.666666666666666,2,4300000.0
161,Corey Crawford,2020,35.0,39.5,2.0,8.0,3.5,4.5,45.85,39.0,15.0,19.0,4.0,108.0,1235.0,1127.0,0.9125,2.85,1.5,7.300000000000001,2276.5,21.0,4.0,2,3900000.0
163,Anton Forsberg,2020,27.0,35.0,1.0,13.0,6.0,7.0,53.8,30.0,10.0,16.0,4.0,85.0,921.0,836.0,0.908,2.97,0.0,4.7,1715.0,14.0,7.0,1,700000.0
186,Keith Kinkaid,2020,30.0,41.0,1.0,12.5,4.0,8.5,69.85,38.0,20.5,14.0,4.5,117.5,1201.0,1083.5,0.902,3.065,2.0,5.55,2300.0,17.0,7.5,2,825000.0
187,Jacob Markstrom,2020,30.0,54.333333333333336,2.333333333333333,27.666666666666668,7.666666666666667,20.0,68.33333333333333,53.333333333333336,24.666666666666668,21.666666666666668,6.666666666666667,145.66666666666666,1687.0,1541.3333333333333,0.914,2.7433333333333336,1.6666666666666667,9.966666666666669,3188.333333333333,29.33333333333333,6.666666666666667,6,6000000.0
189,Anton Khudobin,2020,34.0,34.0,1.6666666666666667,14.333333333333334,2.6666666666666665,11.666666666666666,82.56666666666666,30.666666666666668,16.0,10.333333333333334,5.333333333333333,77.66666666666667,996.6666666666666,919.0,0.922,2.45,1.0,6.833333333333333,1892.6666666666667,19.33333333333333,3.0,3,3333333.0
194,Cam Talbot,2020,32.0,42.66666666666666,0.6666666666666666,6.666666666666667,2.6666666666666665,4.0,47.16666666666666,40.333333333333336,18.0,19.33333333333333,2.333333333333333,119.66666666666669,1271.0,1151.3333333333333,0.9063333333333334,3.016666666666667,1.3333333333333333,6.366666666666667,2357.0,17.333333333333332,7.666666666666667,3,3666667.0
199,Matt Murray,2020,26.0,45.66666666666666,0.6666666666666666,7.0,1.6666666666666667,5.333333333333333,74.10000000000001,44.333333333333336,25.33333333333333,13.666666666666666,4.666666666666667,123.0,1357.3333333333333,1234.3333333333333,0.9083333333333332,2.8266666666666667,2.0,7.366666666666667,2617.0,21.33333333333333,8.0,4,6250000.0
200,Henrik Lundqvist,2020,38.0,48.333333333333336,1.6666666666666667,15.333333333333334,6.333333333333333,9.0,55.56666666666666,46.333333333333336,18.0,20.33333333333333,6.666666666666667,138.66666666666666,1539.3333333333333,1400.6666666666667,0.909,3.0700000000000003,1.0,8.466666666666667,2729.6666666666665,25.0,6.666666666666667,1,1500000.0
201,Malcolm Subban,2020,26.0,21.33333333333333,0.0,6.333333333333333,0.3333333333333333,6.0,88.89999999999999,19.33333333333333,10.0,7.0,2.333333333333333,58.333333333333336,590.6666666666666,532.3333333333334,0.9006666666666666,2.926666666666667,0.3333333333333333,2.7,1197.0,7.666666666666667,4.0,2,850000.0
221,Brian Elliott,2020,35.0,37.0,1.0,14.0,5.0,9.0,59.05,34.5,19.5,9.0,5.5,96.0,1012.0,916.0,0.904,2.765,1.5,5.0,2098.0,17.0,7.0,1,1500000.0
222,Tristan Jarry,2020,25.0,29.5,1.0,7.5,1.5,6.0,62.5,27.0,17.0,9.0,1.5,70.5,836.0,765.5,0.9145,2.6,2.5,5.1,1645.0,16.5,3.5,3,3500000.0
223,Robin Lehner,2020,28.0,45.0,0.3333333333333333,10.333333333333334,5.333333333333333,5.0,48.16666666666666,42.333333333333336,19.33333333333333,16.333333333333332,6.333333333333333,111.66666666666669,1372.6666666666667,1261.0,0.9193333333333332,2.6766666666666663,3.333333333333333,8.833333333333334,2507.6666666666665,23.0,5.333333333333333,5,5000000.0
224,Laurent Brossoit,2020,27.0,20.0,0.0,8.0,3.5,4.5,56.35,17.0,9.5,6.5,1.5,51.5,582.0,530.5,0.91,2.9,0.5,3.4000000000000004,1076.5,9.5,1.5,1,1500000.0
236,Adin Hill,2020,24.0,13.0,0.0,8.0,2.0,6.0,75.0,9.0,2.0,4.0,3.0,28.0,343.0,315.0,0.918,2.62,0.0,2.3,641.0,5.0,0.0,1,800000.0
255,Jaroslav Halak,2020,35.0,41.66666666666666,2.0,15.666666666666666,4.0,11.666666666666666,75.23333333333333,38.333333333333336,20.0,14.333333333333334,5.333333333333333,108.0,1269.0,1161.0,0.9163333333333332,2.64,3.0,7.666666666666667,2388.333333333333,20.666666666666668,5.0,1,2250000.0
257,Elvis Merzlikins,2020,26.0,33.0,0.0,19.0,7.0,12.0,63.2,31.0,13.0,9.0,8.0,71.0,919.0,848.0,0.923,2.35,5.0,6.5,1815.0,17.0,3.0,2,4000000.0
259,Joonas Korpisalo,2020,26.0,27.33333333333333,0.3333333333333333,3.6666666666666665,1.3333333333333333,2.333333333333333,46.66666666666666,24.33333333333333,12.333333333333334,9.0,3.0,72.33333333333333,748.3333333333334,676.0,0.9016666666666668,2.956666666666667,0.6666666666666666,3.6,1512.0,12.0,4.0,2,2800000.0
275,Pavel Francouz,2020,30.0,34.0,0.0,3.0,0.0,3.0,100.0,30.0,21.0,7.0,4.0,77.0,996.0,919.0,0.923,2.41,1.0,7.0,1914.0,17.0,5.0,2,2000000.0
302,Darcy Kuemper,2019,30.0,42.0,1.5,10.5,3.5,7.0,81.6,40.0,19.5,13.5,6.5,96.5,1254.5,1158.0,0.9225,2.425,4.5,8.65,2423.5,24.0,4.5,2,4500000.0
326,Jack Campbell,2019,28.0,18.0,0.5,4.5,2.5,2.0,42.5,14.5,6.0,7.0,1.5,36.0,495.0,459.0,0.926,2.39,1.0,3.65,930.0,9.0,1.5,2,1650000.0
346,Anton Forsberg,2019,26.0,35.0,1.0,13.0,6.0,7.0,53.8,30.0,10.0,16.0,4.0,85.0,921.0,836.0,0.908,2.97,0.0,4.7,1715.0,14.0,7.0,1,775000.0
349,Linus Ullmark,2019,25.0,37.0,1.0,10.0,1.0,9.0,90.0,34.0,15.0,14.0,5.0,109.0,1146.0,1037.0,0.905,3.11,2.0,5.8,2102.0,18.0,6.0,1,1325000.0
354,Andrei Vasilevskiy,2019,25.0,56.0,2.333333333333333,15.0,2.333333333333333,12.666666666666666,84.13333333333333,54.66666666666666,35.333333333333336,14.666666666666666,4.666666666666667,139.33333333333334,1756.0,1616.6666666666667,0.9206666666666666,2.543333333333333,5.333333333333333,11.633333333333333,3286.6666666666665,31.666666666666668,6.666666666666667,8,9500000.0
355,David Rittich,2019,26.0,45.0,0.0,10.0,3.0,7.0,70.0,42.0,27.0,9.0,5.0,109.0,1228.0,1119.0,0.911,2.61,1.0,7.0,2503.0,26.0,8.0,2,2750000.0
382,Jordan Binnington,2019,25.0,32.0,0.0,11.0,1.0,10.0,90.9,30.0,24.0,5.0,1.0,59.0,807.0,748.0,0.927,1.89,5.0,6.0,1876.0,20.0,1.0,2,4400000.0
394,Malcolm Subban,2019,25.0,21.5,0.0,8.0,0.0,8.0,100.0,19.5,10.5,7.0,2.0,57.5,613.0,555.5,0.906,2.805,0.5,3.1,1228.5,8.0,2.5,1,850000.0
406,Anthony Stolarz,2019,25.0,12.5,0.0,4.5,2.5,2.0,41.65,8.0,3.0,3.0,2.0,31.5,342.0,310.5,0.9145,2.76,1.0,1.85,622.5,3.5,1.5,2,750000.0
418,Cam Talbot,2019,31.0,58.333333333333336,0.6666666666666666,15.0,5.666666666666667,9.333333333333334,66.93333333333334,57.333333333333336,28.0,23.33333333333333,4.666666666666667,155.66666666666666,1716.6666666666667,1561.0,0.9063333333333334,2.936666666666667,3.0,9.3,3310.0,28.0,10.333333333333334,1,2750000.0
424,Mike Smith,2019,37.0,50.66666666666666,1.6666666666666667,12.666666666666666,5.666666666666667,7.0,53.333333333333336,50.0,22.33333333333333,21.33333333333333,5.666666666666667,135.33333333333334,1524.6666666666667,1389.3333333333333,0.9093333333333334,2.763333333333333,2.6666666666666665,8.566666666666666,2931.0,26.33333333333333,8.333333333333334,1,2000000.0
434,Petr Mrazek,2019,27.0,43.0,0.3333333333333333,17.333333333333332,3.333333333333333,14.0,83.06666666666666,39.0,18.33333333333333,16.0,6.0,115.33333333333331,1215.3333333333333,1100.0,0.9056666666666668,2.8200000000000003,3.0,5.966666666666666,2447.333333333333,17.666666666666668,7.0,2,3125000.0
448,Curtis McElhinney,2019,36.0,19.5,0.5,3.5,0.5,3.0,90.0,15.0,9.5,6.5,1.5,43.0,572.0,529.0,0.9255,2.42,2.0,4.05,1057.0,8.5,0.5,2,1300000.0
452,Robin Lehner,2019,27.0,52.66666666666666,0.6666666666666666,9.666666666666666,5.666666666666667,4.0,38.16666666666666,50.333333333333336,20.666666666666668,21.666666666666668,7.333333333333333,129.33333333333334,1597.6666666666667,1468.3333333333333,0.9193333333333332,2.606666666666667,3.6666666666666665,10.366666666666667,2957.6666666666665,27.33333333333333,6.0,1,5000000.0
463,Keith Kinkaid,2019,29.0,36.0,1.0,10.0,3.0,7.0,73.23333333333333,33.0,16.333333333333332,13.666666666666666,4.0,100.0,1060.0,960.0,0.9066666666666668,2.9233333333333333,1.6666666666666667,5.333333333333333,2025.3333333333333,15.333333333333334,6.333333333333333,1,1750000.0
469,Sergei Bobrovsky,2019,30.0,63.333333333333336,1.0,15.0,4.0,11.0,77.13333333333334,63.0,38.333333333333336,21.0,4.0,146.0,1867.6666666666667,1721.6666666666667,0.9216666666666667,2.353333333333333,7.0,12.733333333333334,3725.3333333333335,36.66666666666666,9.333333333333334,7,10000000.0
472,Semyon Varlamov,2019,31.0,50.0,0.0,7.5,2.0,5.5,75.0,48.0,22.0,17.5,7.5,132.0,1545.5,1413.5,0.9145,2.7750000000000004,2.0,9.2,2850.0,26.5,7.0,4,5000000.0
474,Calvin Pickard,2019,27.0,33.5,1.0,3.0,1.0,2.0,62.5,30.0,9.5,18.5,2.0,94.0,922.5,828.5,0.8895,3.42,1.5,3.9,1783.5,12.5,7.5,2,750000.0
475,Joonas Korpisalo,2019,25.0,22.5,0.0,5.0,1.5,3.5,70.0,19.0,9.0,7.5,2.0,62.5,607.5,545.0,0.897,3.135,0.0,2.45,1205.0,7.5,3.5,1,1150000.0
484,Brian Elliott,2019,34.0,46.0,0.5,10.5,3.5,7.0,63.85,43.5,24.5,14.5,5.0,116.5,1283.0,1166.5,0.9095,2.605,1.5,6.85,2683.0,23.0,5.0,1,2000000.0
489,Ryan Miller,2019,38.0,34.0,0.3333333333333333,12.0,3.6666666666666665,8.333333333333334,70.63333333333334,30.666666666666668,12.666666666666666,14.0,4.666666666666667,84.66666666666667,1018.0,933.3333333333334,0.918,2.6366666666666667,2.6666666666666665,6.333333333333333,1891.3333333333333,16.333333333333332,4.0,1,1125000.0
506,Anders Nilsson,2019,29.0,26.5,0.5,11.0,4.5,6.5,45.85,23.5,8.5,12.0,4.0,75.0,853.5,778.5,0.912,3.055,1.5,4.85,1474.0,9.5,3.5,2,2600000.0
507,Laurent Brossoit,2019,26.0,21.0,0.0,7.0,3.0,4.0,57.1,19.0,13.0,6.0,2.0,49.0,652.0,603.0,0.925,2.52,1.0,4.7,1165.0,12.0,2.0,1,1225000.0
525,Jimmy Howard,2019,35.0,47.0,0.6666666666666666,16.0,3.0,13.0,81.73333333333333,44.333333333333336,18.33333333333333,20.0,5.0,121.66666666666669,1384.6666666666667,1263.0,0.9153333333333332,2.6733333333333333,0.6666666666666666,7.933333333333334,2606.0,24.666666666666668,5.333333333333333,1,4000000.0
538,Pheonix Copley,2019,27.0,27.0,1.0,12.0,5.0,7.0,58.3,24.0,16.0,7.0,3.0,74.0,776.0,702.0,0.905,2.9,1.0,3.9,1529.0,14.0,4.0,3,1100000.0
539,Alex Stalock,2019,31.0,24.5,1.0,8.5,2.0,6.5,75.7,19.5,8.0,9.0,3.5,62.0,656.0,594.0,0.9045,2.92,0.5,3.25,1280.0,11.0,2.0,3,785000.0
541,Mikko Koskinen,2019,30.0,55.0,2.0,18.0,6.0,12.0,66.7,51.0,25.0,21.0,6.0,146.0,1551.0,1405.0,0.906,2.93,4.0,8.0,2992.0,24.0,8.0,3,4500000.0
545,Casey DeSmith,2019,27.0,36.0,0.0,7.0,3.0,4.0,57.1,30.0,15.0,11.0,5.0,89.0,1060.0,971.0,0.916,2.75,3.0,6.6,1944.0,18.0,2.0,3,1250000.0
552,Pekka Rinne,2018,36.0,60.0,0.5,24.5,5.5,19.0,76.35,60.0,36.5,16.0,6.5,139.0,1798.5,1659.5,0.9225,2.365,5.5,12.25,3521.5,37.0,6.0,2,5000000.0
583,John Gibson,2018,25.0,56.0,1.0,14.0,4.5,9.5,70.5,54.5,28.0,17.0,8.0,124.0,1654.5,1530.5,0.925,2.325,5.0,11.75,3189.0,33.5,5.5,8,6400000.0
622,Juuse Saros,2018,23.0,23.5,2.0,8.0,4.5,3.5,25.0,21.0,10.5,6.5,5.0,54.0,712.0,658.0,0.924,2.4000000000000004,2.0,5.0,1348.5,13.5,1.5,3,1500000.0
629,Marc-Andre Fleury,2018,34.0,42.0,0.5,14.0,5.5,8.5,61.25,40.0,23.5,11.5,5.5,103.5,1278.5,1175.0,0.918,2.63,2.5,8.15,2399.0,23.5,4.5,3,7000000.0
632,Connor Hellebuyck,2018,25.0,61.5,1.0,19.0,5.0,14.0,73.85,58.5,35.0,15.0,6.5,151.0,1810.0,1659.0,0.9155,2.625,5.0,11.05,3500.0,32.0,7.5,6,6166666.0
661,Robin Lehner,2018,26.0,56.0,0.5,9.0,6.0,3.0,30.0,54.0,18.5,26.0,8.5,147.5,1735.0,1587.5,0.914,2.845,2.5,10.45,3128.5,28.0,7.0,1,1500000.0
671,Petr Mrazek,2018,26.0,44.5,0.0,23.0,5.0,18.0,74.6,38.5,16.0,17.0,7.5,125.5,1271.0,1145.5,0.9015,3.035,2.5,5.65,2477.5,15.0,8.5,1,1500000.0
686,Cam Ward,2018,34.0,52.0,0.5,14.5,6.5,8.0,65.0,51.5,24.5,18.0,8.0,137.0,1449.0,1312.0,0.9055,2.71,2.0,7.15,3038.5,25.5,9.5,1,3000000.0
696,Jaroslav Halak,2018,33.0,41.0,0.5,11.0,2.5,8.5,74.1,37.5,16.0,17.5,5.5,118.0,1314.5,1196.5,0.9115,2.995,1.5,7.15,2314.5,18.0,5.5,2,2750000.0
701,Anton Khudobin,2018,32.0,23.5,1.5,10.5,2.5,8.0,72.25,21.5,11.5,6.0,4.0,57.5,640.5,583.0,0.9085,2.6,0.5,3.45,1333.0,10.5,3.0,2,2500000.0
703,Jonathan Bernier,2018,29.0,38.0,0.5,18.0,6.5,11.5,50.0,33.5,20.0,10.0,3.5,89.0,1037.0,948.0,0.914,2.675,2.0,6.1,1997.0,18.5,4.5,3,3000000.0
718,Carter Hutton,2018,32.0,31.0,0.5,4.0,0.5,3.5,87.5,23.5,15.0,7.5,2.5,57.0,736.5,679.5,0.922,2.24,3.5,5.0,1534.5,15.0,2.5,3,2750000.0
728,Chad Johnson,2018,32.0,36.0,0.0,10.0,2.0,8.0,80.0,36.0,18.0,15.0,1.0,87.0,969.0,882.0,0.91,2.59,3.0,5.4,2013.0,18.0,7.0,1,1750000.0
734,Eddie Lack,2018,30.0,20.0,0.0,3.0,1.0,2.0,66.7,18.0,8.0,7.0,3.0,48.0,492.0,444.0,0.902,2.64,1.0,2.3,1090.0,9.0,3.0,1,650000.0
755,Philipp Grubauer,2018,26.0,29.5,0.5,2.0,1.0,1.0,50.0,23.5,14.0,8.0,2.5,58.0,769.0,711.0,0.9245,2.1950000000000003,3.0,5.45,1565.0,16.0,2.0,3,3333333.0
758,Louis Domingue,2018,26.0,25.0,0.0,9.5,1.0,8.5,84.15,21.0,9.0,12.0,1.0,71.5,733.0,661.5,0.901,3.245,0.0,3.35,1336.5,9.0,3.5,2,1150000.0
761,Calvin Pickard,2018,26.0,50.0,2.0,4.0,1.0,3.0,75.0,48.0,15.0,31.0,2.0,140.0,1461.0,1321.0,0.904,2.98,2.0,7.1,2820.0,21.0,11.0,1,800000.0
772,Antti Niemi,2018,34.0,24.0,1.0,9.0,4.0,5.0,55.6,20.0,7.0,9.0,4.0,63.0,710.0,647.0,0.911,3.12,1.0,3.9,1213.0,12.0,4.0,1,950000.0
776,Antti Raanta,2018,29.0,38.5,0.5,11.5,5.0,6.5,53.55,36.0,18.5,12.5,4.0,79.0,1085.0,1006.0,0.926,2.25,3.5,7.9,2108.0,25.0,3.5,3,4250000.0
783,Aaron Dell,2018,29.0,29.0,1.0,3.0,0.0,3.0,100.0,22.0,15.0,5.0,4.0,67.0,775.0,708.0,0.914,2.64,2.0,4.4,1522.0,11.0,4.0,2,1900000.0
789,Darcy Kuemper,2018,28.0,29.0,1.0,2.0,0.0,2.0,100.0,25.0,12.0,7.0,5.0,67.0,833.0,766.0,0.92,2.52,4.0,5.3,1596.0,12.0,3.0,2,1850000.0
823,Craig Anderson,2017,37.0,36.66666666666666,0.3333333333333333,21.33333333333333,5.666666666666667,15.666666666666666,73.06666666666666,36.66666666666666,17.666666666666668,12.333333333333334,6.666666666666667,88.66666666666667,1171.6666666666667,1083.0,0.924,2.42,3.6666666666666665,8.4,2202.333333333333,19.666666666666668,2.6666666666666665,2,4750000.0
855,Robin Lehner,2017,25.0,36.333333333333336,1.0,12.0,5.333333333333333,6.666666666666667,47.6,35.333333333333336,13.666666666666666,16.666666666666668,4.666666666666667,100.0,1156.0,1056.0,0.91,2.9066666666666667,0.6666666666666666,6.833333333333333,2115.6666666666665,18.0,3.333333333333333,1,4000000.0
862,Connor Hellebuyck,2017,24.0,56.0,0.0,16.0,4.0,12.0,75.0,53.0,26.0,19.0,4.0,146.0,1572.0,1426.0,0.907,2.89,4.0,8.1,3034.0,25.0,9.0,1,2250000.0
899,Reto Berra,2017,30.0,19.0,0.0,4.0,1.0,3.0,75.0,12.0,5.0,4.0,1.0,33.0,403.0,370.0,0.918,2.65,1.0,2.6,746.0,5.0,2.0,1,700000.0
909,Carey Price,2017,29.0,64.66666666666667,1.0,18.33333333333333,3.6666666666666665,14.666666666666666,78.76666666666667,64.66666666666667,41.66666666666666,17.333333333333332,5.666666666666667,132.66666666666666,1900.0,1767.3333333333333,0.9296666666666668,2.0500000000000003,7.0,15.0,3887.3333333333335,38.66666666666666,6.666666666666667,8,10500000.0
913,Martin Jones,2017,28.0,31.666666666666668,0.6666666666666666,7.0,1.3333333333333333,5.666666666666667,81.46666666666665,29.0,14.333333333333334,11.0,3.333333333333333,70.0,779.6666666666666,709.6666666666666,0.908,2.293333333333333,2.6666666666666665,4.3,1783.3333333333333,16.333333333333332,4.0,6,5750000.0
914,Darcy Kuemper,2017,27.0,31.0,0.0,5.0,3.0,2.0,40.0,28.0,14.0,12.0,2.0,68.0,718.0,650.0,0.905,2.6,3.0,3.5,1569.0,15.0,7.0,1,650000.0
923,Steve Mason,2017,29.0,53.333333333333336,2.333333333333333,36.66666666666666,12.666666666666666,24.0,65.60000000000001,50.0,20.666666666666668,19.0,10.0,119.66666666666669,1512.0,1392.3333333333333,0.9213333333333334,2.3866666666666667,3.0,10.266666666666667,2998.333333333333,28.0,6.333333333333333,2,4100000.0
930,Ryan Miller,2017,36.0,50.0,0.6666666666666666,13.0,3.0,10.0,83.60000000000001,50.0,21.33333333333333,22.666666666666668,5.333333333333333,131.33333333333334,1523.0,1391.6666666666667,0.9136666666666668,2.6766666666666663,3.333333333333333,8.933333333333334,2932.333333333333,24.33333333333333,5.666666666666667,2,2000000.0
936,Antti Niemi,2017,33.0,61.0,3.0,35.0,8.0,27.0,77.1,61.0,31.0,23.0,7.0,155.0,1811.0,1656.0,0.914,2.59,5.0,10.8,3588.0,32.0,9.0,1,700000.0
941,Chad Johnson,2017,31.0,24.666666666666668,0.0,8.666666666666666,2.0,6.666666666666667,76.66666666666667,23.33333333333333,11.333333333333334,10.333333333333334,1.0,65.0,648.3333333333334,583.3333333333334,0.896,2.9166666666666665,1.0,2.733333333333333,1373.0,10.666666666666666,6.333333333333333,1,2500000.0
953,Jonathan Bernier,2017,28.0,51.66666666666666,0.6666666666666666,28.33333333333333,11.0,17.333333333333332,60.70000000000001,47.66666666666666,21.0,21.0,6.0,129.0,1484.0,1355.0,0.913,2.7466666666666666,2.0,8.666666666666666,2782.333333333333,23.666666666666668,8.666666666666666,1,2750000.0
962,Brian Elliott,2017,32.0,47.0,2.0,21.33333333333333,5.333333333333333,16.0,76.5,45.0,26.0,15.333333333333334,3.0,104.33333333333331,1212.6666666666667,1108.3333333333333,0.9146666666666668,2.3566666666666665,4.0,7.233333333333333,2645.333333333333,26.666666666666668,6.666666666666667,2,2750000.0
963,Ondrej Pavelec,2017,29.0,50.0,0.0,31.0,12.0,19.0,61.3,46.0,22.0,16.0,8.0,108.0,1353.0,1245.0,0.92,2.28,5.0,9.0,2838.0,23.0,5.0,1,1300000.0
967,Anders Nilsson,2017,27.0,26.0,0.0,18.0,6.0,12.0,66.7,23.0,10.0,10.0,4.0,66.0,857.0,791.0,0.923,2.67,1.0,6.0,1484.0,11.0,2.0,2,2500000.0
974,Curtis McElhinney,2017,34.0,28.33333333333333,0.0,8.333333333333334,3.0,5.333333333333333,66.66666666666667,23.666666666666668,10.666666666666666,12.0,2.0,71.66666666666667,838.0,766.3333333333334,0.915,2.8200000000000003,0.3333333333333333,5.033333333333333,1518.3333333333333,11.0,1.3333333333333333,2,850000.0
979,Keith Kinkaid,2017,27.0,21.33333333333333,0.3333333333333333,9.666666666666666,3.0,6.666666666666667,71.13333333333334,16.333333333333332,6.666666666666667,7.666666666666667,3.6666666666666665,48.333333333333336,572.0,523.6666666666666,0.9153333333333332,2.606666666666667,0.3333333333333333,3.5,1108.6666666666667,9.333333333333334,1.3333333333333333,2,1250000.0
988,Mike Condon,2017,27.0,41.0,0.0,13.0,3.0,10.0,76.9,38.0,19.0,14.0,6.0,96.0,1122.0,1026.0,0.914,2.48,5.0,6.8,2324.0,19.0,7.0,3,2400000.0
1009,Peter Budaj,2017,34.0,60.0,1.0,13.0,7.0,6.0,46.2,55.0,30.0,21.0,3.0,120.0,1414.0,1294.0,0.915,2.18,7.0,8.6,3308.0,32.0,7.0,2,1025000.0
1021,Ben Bishop,2017,30.0,54.333333333333336,2.6666666666666665,20.666666666666668,6.666666666666667,14.0,66.93333333333334,51.66666666666666,32.666666666666664,13.666666666666666,5.0,122.0,1426.6666666666667,1304.6666666666667,0.914,2.393333333333333,3.0,8.566666666666666,3087.0,28.33333333333333,7.333333333333333,6,4916666.0
1026,Scott Darling,2017,28.0,20.0,0.0,5.666666666666667,0.3333333333333333,5.333333333333333,88.89999999999999,17.666666666666668,12.0,4.333333333333333,1.6666666666666667,40.333333333333336,571.6666666666666,531.3333333333334,0.932,2.0933333333333333,1.3333333333333333,4.466666666666667,1118.3333333333333,12.333333333333334,0.3333333333333333,4,4150000.0
1044,Michal Neuvirth,2017,29.0,30.666666666666668,0.0,14.0,6.0,8.0,66.66666666666667,29.33333333333333,8.333333333333334,17.0,3.0,82.66666666666667,906.6666666666666,824.0,0.9063333333333334,2.9266666666666663,0.0,4.833333333333333,1688.0,14.0,4.0,2,2500000.0
1053,Alex Stalock,2017,29.0,22.0,0.0,12.0,5.0,7.0,58.3,19.0,8.0,9.0,2.0,54.0,553.0,499.0,0.902,2.62,2.0,2.5,1237.0,10.0,1.0,2,650000.0
1054,Thomas Greiss,2017,31.0,30.33333333333333,0.3333333333333333,10.333333333333334,4.0,6.333333333333333,63.76666666666667,28.33333333333333,14.666666666666666,10.0,3.6666666666666665,75.33333333333333,848.3333333333334,773.0,0.9096666666666668,2.623333333333333,1.0,4.8,1710.3333333333333,15.333333333333334,5.0,3,3333333.0
1057,Al Montoya,2017,31.0,19.666666666666668,0.6666666666666666,4.0,3.0,1.0,16.666666666666668,14.666666666666666,6.666666666666667,6.666666666666667,2.6666666666666665,49.333333333333336,491.6666666666667,442.3333333333333,0.8986666666666667,2.8966666666666665,0.6666666666666666,2.1,1026.3333333333333,8.0,2.6666666666666665,2,1062500.0
1091,Jhonas Enroth,2016,28.0,42.66666666666666,0.0,17.0,1.0,16.0,86.10000000000001,38.0,13.333333333333334,23.0,3.0,121.33333333333331,1280.6666666666667,1159.3333333333333,0.9063333333333334,2.9866666666666664,1.3333333333333333,6.266666666666667,2414.0,18.0,5.666666666666667,1,750000.0
1101,Petr Mrazek,2016,24.0,29.0,0.0,18.0,6.0,12.0,66.7,26.0,16.0,9.0,2.0,63.0,768.0,705.0,0.918,2.38,3.0,4.9,1585.0,15.0,6.0,2,4000000.0
1142,Jacob Markstrom,2016,27.0,16.0,0.0,7.0,4.0,3.0,42.9,12.0,2.0,8.0,3.0,46.0,361.0,315.0,0.873,3.39,0.0,0.4,814.0,3.0,4.0,3,3666667.0
1150,Calvin Pickard,2016,24.0,16.0,0.0,13.0,4.0,9.0,69.2,13.0,6.0,7.0,3.0,35.0,511.0,476.0,0.932,2.35,0.0,4.1,895.0,9.0,1.0,2,1000000.0
1151,Darcy Kuemper,2016,26.0,29.33333333333333,0.0,9.666666666666666,4.0,5.666666666666667,49.46666666666667,27.0,13.333333333333334,10.666666666666666,2.6666666666666665,65.33333333333333,712.6666666666666,647.3333333333334,0.9083333333333332,2.543333333333333,2.6666666666666665,3.766666666666667,1539.3333333333333,14.0,6.0,1,1550000.0
1159,Anders Nilsson,2016,26.0,19.0,0.0,11.0,3.0,8.0,72.7,17.0,8.0,7.0,2.0,57.0,548.0,491.0,0.896,3.11,0.0,2.1,1101.0,6.0,4.0,1,1000000.0
1198,Anton Khudobin,2016,30.0,34.666666666666664,0.0,9.0,1.3333333333333333,7.666666666666667,88.86666666666667,32.666666666666664,11.666666666666666,16.0,4.333333333333333,84.66666666666667,941.3333333333334,856.6666666666666,0.9086666666666666,2.58,1.0,5.2,1974.6666666666667,18.0,6.666666666666667,2,1200000.0
1199,Jake Allen,2016,25.0,37.0,2.0,15.0,4.0,11.0,73.3,32.0,22.0,7.0,4.0,79.0,909.0,830.0,0.913,2.28,4.0,5.3,2077.0,17.0,6.0,4,4350000.0
1201,Carter Hutton,2016,30.0,25.33333333333333,0.3333333333333333,16.333333333333332,6.333333333333333,10.0,60.1,22.666666666666668,10.666666666666666,8.333333333333334,4.0,59.66666666666666,635.3333333333334,575.6666666666666,0.9046666666666666,2.6133333333333333,1.0,3.2,1368.3333333333333,9.0,4.666666666666667,2,1125000.0
1207,Jeff Zatkoff,2016,29.0,20.0,1.0,4.0,2.0,2.0,50.0,18.0,12.0,6.0,2.0,51.0,582.0,531.0,0.912,2.61,1.0,3.4,1171.0,9.0,3.0,2,900000.0
1209,Chad Johnson,2016,30.0,21.666666666666668,0.0,6.0,1.6666666666666667,4.333333333333333,66.66666666666667,19.0,11.0,6.666666666666667,1.6666666666666667,53.66666666666666,561.3333333333334,507.6666666666667,0.901,2.7533333333333334,0.6666666666666666,2.6666666666666665,1205.6666666666667,9.666666666666666,4.666666666666667,1,1700000.0
1216,Jonas Gustavsson,2016,31.0,27.0,0.0,22.0,6.0,16.0,72.7,26.0,16.0,5.0,4.0,68.0,735.0,667.0,0.907,2.63,0.0,3.9,1551.0,13.0,6.0,1,800000.0
1220,Al Montoya,2016,31.0,22.666666666666668,0.0,5.666666666666667,3.6666666666666665,2.0,18.166666666666668,16.0,8.333333333333334,7.333333333333333,2.333333333333333,52.333333333333336,547.6666666666666,495.3333333333333,0.9013333333333334,2.773333333333333,0.6666666666666666,2.6666666666666665,1165.0,8.333333333333334,2.333333333333333,1,950000.0
1222,James Reimer,2016,28.0,35.333333333333336,0.0,9.0,2.333333333333333,6.666666666666667,74.23333333333333,28.666666666666668,10.0,16.0,1.0,94.33333333333331,1032.0,937.6666666666666,0.9083333333333332,3.1933333333333334,0.3333333333333333,5.5,1773.0,14.0,7.333333333333333,5,3400000.0
1255,Michael Hutchinson,2016,26.0,26.33333333333333,0.0,10.333333333333334,1.3333333333333333,9.0,90.46666666666664,25.0,14.666666666666666,7.0,3.333333333333333,58.333333333333336,686.6666666666666,628.3333333333334,0.9236666666666666,2.1333333333333333,1.3333333333333333,4.133333333333333,1486.3333333333333,13.666666666666666,4.666666666666667,2,1150000.0
1256,Frederik Andersen,2016,26.0,45.333333333333336,2.333333333333333,22.666666666666668,7.333333333333333,15.333333333333334,77.06666666666666,43.333333333333336,30.0,9.666666666666666,3.333333333333333,102.0,1218.3333333333333,1116.3333333333333,0.917,2.35,2.0,7.599999999999999,2593.6666666666665,25.33333333333333,6.0,5,5000000.0
1259,Cam Ward,2016,32.0,44.0,0.3333333333333333,18.666666666666668,5.666666666666667,13.0,68.03333333333333,42.66666666666666,18.0,20.0,5.333333333333333,108.66666666666669,1175.3333333333333,1066.6666666666667,0.906,2.62,0.6666666666666666,6.066666666666667,2565.6666666666665,21.0,6.666666666666667,2,3300000.0
1272,Antti Raanta,2016,26.0,17.666666666666668,0.3333333333333333,7.0,3.6666666666666665,3.333333333333333,39.96666666666666,15.333333333333334,9.0,4.333333333333333,2.0,37.66666666666666,462.6666666666667,425.0,0.923,2.1633333333333336,1.6666666666666667,3.0,993.6666666666666,9.333333333333334,2.6666666666666665,2,1000000.0
1279,Ray Emery,2016,33.0,30.0,0.0,11.666666666666666,5.666666666666667,6.0,47.6,23.666666666666668,9.666666666666666,11.333333333333334,5.333333333333333,76.33333333333333,742.3333333333334,666.0,0.8969999999999999,3.026666666666667,0.6666666666666666,2.9333333333333336,1512.6666666666667,12.333333333333334,4.666666666666667,1,600000.0
1306,Cam Talbot,2016,28.0,31.0,0.0,8.333333333333334,3.6666666666666665,4.666666666666667,58.56666666666666,29.0,18.0,8.0,3.0,62.333333333333336,878.6666666666666,816.3333333333334,0.931,2.02,4.333333333333333,6.8,1800.3333333333333,16.666666666666668,1.3333333333333333,3,4166666.0
1317,Jonas Gustavsson,2015,30.0,17.0,0.5,12.5,3.0,9.5,86.35,15.0,9.0,3.5,2.5,42.5,437.5,395.0,0.893,2.775,0.0,2.1,950.0,7.5,3.5,1,700000.0
1318,Eddie Lack,2015,28.0,41.0,0.0,19.0,4.0,15.0,78.0,35.666666666666664,17.333333333333332,14.333333333333334,4.333333333333333,94.33333333333331,1151.3333333333333,1057.0,0.918,2.436666666666667,2.6666666666666665,7.433333333333333,2322.333333333333,18.666666666666668,5.0,2,2750000.0
1323,John Gibson,2015,22.0,23.0,0.0,3.0,1.0,2.0,66.7,21.0,13.0,8.0,0.0,58.0,674.0,616.0,0.914,2.6,1.0,4.0,1340.0,13.0,4.0,3,2300000.0
1346,Jonathan Bernier,2015,26.0,46.25,1.0,20.0,8.5,11.5,44.85,42.75,19.25,19.5,5.5,116.75,1391.0,1274.25,0.917,2.5775,1.5,8.7,2551.5,22.5,7.0,2,4150000.0
1358,Braden Holtby,2015,25.0,57.5,2.0,28.75,8.0,20.75,75.1,56.0,32.0,16.75,6.25,132.5,1671.5,1539.0,0.92025,2.4675,6.5,11.45,3309.75,33.0,6.5,5,6100000.0
1402,Anders Nilsson,2015,25.0,19.0,0.0,11.0,3.0,8.0,72.7,17.0,8.0,7.0,2.0,57.0,548.0,491.0,0.896,3.11,0.0,2.1,1101.0,6.0,4.0,1,1000000.0
1407,Jake Allen,2015,24.0,29.666666666666668,1.3333333333333333,10.666666666666666,2.6666666666666665,8.0,82.2,25.666666666666668,17.666666666666668,6.0,2.6666666666666665,63.66666666666666,721.3333333333334,657.6666666666666,0.9103333333333332,2.34,3.0,4.133333333333333,1652.6666666666667,13.333333333333334,5.333333333333333,2,2350000.0
1421,Karri Ramo,2015,28.0,36.0,0.3333333333333333,18.33333333333333,5.0,13.333333333333334,73.96666666666667,33.666666666666664,15.666666666666666,11.0,3.333333333333333,82.33333333333333,931.6666666666666,849.3333333333334,0.9116666666666668,2.6166666666666667,2.0,5.266666666666667,1885.3333333333333,15.666666666666666,5.0,1,3800000.0
1452,Martin Jones,2015,25.0,16.333333333333332,1.0,8.0,0.6666666666666666,7.333333333333333,88.86666666666667,13.333333333333334,6.666666666666667,5.333333333333333,1.3333333333333333,30.33333333333333,371.3333333333333,341.0,0.9153333333333332,2.096666666666667,3.333333333333333,2.4,881.6666666666666,7.666666666666667,1.6666666666666667,3,3000000.0
1456,Michal Neuvirth,2015,27.0,23.0,0.25,12.25,5.5,6.75,42.3,22.25,5.5,13.25,3.0,64.5,754.5,690.0,0.91475,2.87,0.0,4.6,1326.75,12.0,3.0,2,1625000.0
1459,Jhonas Enroth,2015,27.0,35.0,0.0,13.25,1.25,12.0,64.575,30.75,11.0,18.25,2.5,97.75,1043.5,945.75,0.9095,2.89,1.25,5.275,1966.25,15.25,4.5,1,1250000.0
1463,Anders Lindback,2015,27.0,24.75,0.75,9.75,2.5,7.25,70.575,20.75,7.5,13.5,1.75,68.0,704.5,636.5,0.90275,3.005,0.25,3.375,1355.5,8.25,3.0,1,875000.0
1473,Antti Niemi,2015,31.0,57.25,2.25,37.25,10.0,27.25,73.575,57.25,31.25,18.75,6.75,138.0,1636.75,1498.75,0.91625,2.4325,4.5,10.225,3374.25,30.75,7.5,3,4500000.0
1480,Devan Dubnyk,2015,29.0,47.0,1.0,19.0,6.75,12.25,60.15,44.5,24.25,15.5,4.25,105.75,1331.75,1226.0,0.91725,2.535,4.0,9.1,2639.75,25.75,5.25,6,4333333.0
1488,Curtis McElhinney,2015,32.0,30.666666666666668,0.3333333333333333,8.333333333333334,3.0,5.333333333333333,66.66666666666667,25.666666666666668,11.333333333333334,13.0,1.6666666666666667,76.0,867.0,791.0,0.9123333333333332,2.8200000000000003,0.6666666666666666,5.0,1614.3333333333333,12.0,2.333333333333333,2,800000.0
1505,Andrew Hammond,2015,27.0,24.0,1.0,19.0,7.0,12.0,63.2,23.0,20.0,1.0,2.0,42.0,707.0,665.0,0.941,1.79,3.0,6.5,1411.0,18.0,1.0,3,1350000.0
1509,Keith Kinkaid,2015,25.0,13.0,0.0,8.0,2.6666666666666665,5.333333333333333,44.46666666666667,8.666666666666666,4.0,3.333333333333333,2.6666666666666665,27.0,317.0,290.0,0.9176666666666669,2.5033333333333334,0.0,1.9,625.3333333333334,5.333333333333333,0.0,2,725000.0
1533,Sergei Bobrovsky,2015,26.0,49.5,1.25,28.25,4.75,23.5,81.05,48.0,28.25,16.25,4.25,118.25,1511.75,1393.5,0.92275,2.435,3.25,10.525,2876.5,28.25,3.75,4,7425000.0
1535,Cam Talbot,2014,27.0,21.0,0.0,3.0,1.0,2.0,66.7,19.0,12.0,6.0,1.0,33.0,560.0,527.0,0.941,1.64,3.0,5.2,1211.0,16.0,0.0,1,1450000.0
1536,Ilya Bryzgalov,2014,34.0,43.66666666666666,1.6666666666666667,15.0,7.666666666666667,7.333333333333333,48.96666666666667,42.333333333333336,21.33333333333333,14.0,6.0,109.66666666666669,1170.3333333333333,1060.6666666666667,0.906,2.65,3.6666666666666665,6.166666666666667,2509.0,22.666666666666668,9.333333333333334,1,2880000.0
1538,Martin Brodeur,2014,42.0,44.0,3.5,0.0,0.0,0.0,0.0,44.0,22.0,15.0,5.5,100.5,1063.0,962.5,0.9045,2.3150000000000004,2.5,5.5,2574.5,22.0,8.5,1,700000.0
1542,Marc-Andre Fleury,2014,30.0,54.66666666666666,1.3333333333333333,25.0,5.333333333333333,19.666666666666668,78.0,53.0,34.666666666666664,14.333333333333334,3.0,125.66666666666669,1474.3333333333333,1348.6666666666667,0.9146666666666668,2.373333333333333,3.0,9.233333333333333,3182.0,28.0,7.666666666666667,4,5750000.0
1564,Darcy Kuemper,2014,24.0,16.0,0.0,9.5,3.0,6.5,34.2,14.0,6.5,5.0,2.0,35.0,410.5,375.5,0.9155,2.255,1.0,2.55,884.0,7.0,2.0,2,1250000.0
1574,Craig Anderson,2014,33.0,46.66666666666666,1.6666666666666667,14.333333333333334,5.0,9.333333333333334,46.23333333333333,45.333333333333336,23.33333333333333,15.666666666666666,5.333333333333333,118.33333333333331,1424.6666666666667,1306.3333333333333,0.922,2.5066666666666664,3.333333333333333,9.233333333333333,2637.6666666666665,25.666666666666668,6.666666666666667,3,4200000.0
1584,Ben Bishop,2014,28.0,31.666666666666668,0.6666666666666666,26.666666666666668,7.0,19.666666666666668,67.43333333333334,31.0,17.0,8.666666666666666,3.333333333333333,70.33333333333333,900.6666666666666,830.3333333333334,0.9176666666666669,2.46,2.333333333333333,6.433333333333334,1792.6666666666667,19.0,4.0,2,5950000.0
1586,Robin Lehner,2014,23.0,17.666666666666668,0.0,13.333333333333334,5.333333333333333,8.0,35.56666666666667,15.666666666666666,6.666666666666667,6.666666666666667,3.333333333333333,45.333333333333336,573.0,527.6666666666666,0.928,2.4233333333333333,0.6666666666666666,3.9666666666666655,992.0,11.0,1.6666666666666667,3,2225000.0
1597,James Reimer,2014,26.0,34.333333333333336,0.3333333333333333,14.333333333333334,5.0,9.333333333333334,65.89999999999999,32.333333333333336,15.0,12.666666666666666,3.333333333333333,90.0,1021.0,931.0,0.9116666666666668,2.94,2.6666666666666665,6.066666666666666,1840.0,15.333333333333334,6.333333333333333,2,2300000.0
1635,Cory Schneider,2014,29.0,36.0,1.0,19.33333333333333,7.666666666666667,11.666666666666666,61.46666666666667,33.666666666666664,17.666666666666668,10.666666666666666,5.666666666666667,69.66666666666667,962.3333333333334,892.6666666666666,0.9283333333333332,2.013333333333333,3.6666666666666665,7.533333333333334,2082.0,22.0,3.333333333333333,7,6000000.0
1678,Ryan Miller,2014,33.0,53.333333333333336,0.6666666666666666,34.666666666666664,9.666666666666666,25.0,72.06666666666666,52.66666666666666,24.33333333333333,22.666666666666668,5.333333333333333,137.33333333333334,1647.6666666666667,1510.3333333333333,0.9163333333333332,2.6633333333333336,2.333333333333333,10.7,3113.0,30.0,6.0,3,6000000.0
1681,Nikolai Khabibulin,2014,40.0,26.0,0.0,11.0,6.0,5.0,70.0,25.5,8.0,13.0,4.0,64.5,745.0,680.5,0.9165,2.6,1.5,4.55,1472.5,13.0,3.5,1,1700000.0
1686,Ray Emery,2014,31.0,27.666666666666668,0.3333333333333333,8.666666666666666,3.6666666666666665,5.0,57.8,22.33333333333333,13.666666666666666,7.333333333333333,2.0,62.66666666666666,668.3333333333334,605.6666666666666,0.9083333333333332,2.57,1.6666666666666667,3.533333333333333,1429.3333333333333,11.666666666666666,2.6666666666666665,1,1000000.0
1701,Al Montoya,2014,29.0,22.0,0.0,8.0,3.333333333333333,4.666666666666667,38.66666666666666,17.666666666666668,8.333333333333334,6.666666666666667,2.6666666666666665,55.0,579.0,524.0,0.904,2.77,1.0,2.9333333333333336,1204.0,9.333333333333334,3.6666666666666665,2,1050000.0
1704,Jonas Hiller,2014,32.0,49.66666666666666,1.3333333333333333,28.666666666666668,11.0,17.666666666666668,63.8,49.0,24.33333333333333,16.333333333333332,7.666666666666667,120.33333333333331,1348.0,1227.6666666666667,0.9113333333333332,2.47,3.333333333333333,7.766666666666667,2886.6666666666665,26.666666666666668,9.0,2,4500000.0
1706,Chad Johnson,2014,28.0,15.5,0.0,2.5,1.0,1.5,58.35,13.5,9.5,2.0,2.5,29.0,408.0,379.0,0.9395,1.66,1.5,3.2,879.0,9.0,1.0,2,1300000.0
1711,Thomas Greiss,2014,28.0,16.666666666666668,0.0,7.0,1.3333333333333333,5.666666666666667,52.366666666666674,13.0,6.666666666666667,6.333333333333333,2.0,34.333333333333336,417.0,382.6666666666667,0.9166666666666666,2.373333333333333,1.0,2.766666666666667,887.6666666666666,7.333333333333333,1.6666666666666667,1,1000000.0
1717,Anders Lindback,2014,26.0,21.0,0.6666666666666666,4.0,0.6666666666666666,3.333333333333333,78.56666666666666,16.333333333333332,7.666666666666667,10.0,1.0,52.66666666666666,528.6666666666666,476.0,0.9016666666666668,2.74,0.3333333333333333,2.4,1132.6666666666667,7.333333333333333,2.6666666666666665,1,925000.0
1721,Devan Dubnyk,2014,28.0,39.66666666666666,0.3333333333333333,15.0,5.333333333333333,9.666666666666666,58.9,36.66666666666666,15.0,18.0,4.0,103.66666666666669,1152.3333333333333,1048.6666666666667,0.9083333333333332,2.89,2.0,6.566666666666666,2185.333333333333,18.0,6.333333333333333,1,800000.0
1726,Justin Peters,2014,27.0,15.666666666666666,0.6666666666666666,4.0,2.333333333333333,1.6666666666666667,27.766666666666666,14.0,4.333333333333333,7.666666666666667,2.333333333333333,40.66666666666666,455.0,414.3333333333333,0.9136666666666668,2.813333333333333,1.0,2.6333333333333333,855.3333333333334,7.333333333333333,2.0,2,950000.0
1728,Jason LaBarbera,2014,34.0,13.666666666666666,0.0,5.333333333333333,2.6666666666666665,2.6666666666666665,67.7,9.333333333333334,2.6666666666666665,6.0,1.6666666666666667,31.33333333333333,350.0,318.6666666666667,0.9016666666666668,2.8166666666666664,0.0,2.0,696.3333333333334,4.333333333333333,1.3333333333333333,1,750000.0
1741,Antti Raanta,2014,25.0,25.0,1.0,15.0,7.0,8.0,53.3,22.0,13.0,5.0,4.0,63.0,610.0,547.0,0.897,2.71,1.0,2.4,1397.0,12.0,6.0,2,750000.0
1750,Jonas Gustavsson,2014,29.0,25.33333333333333,0.6666666666666666,12.0,3.333333333333333,8.666666666666666,78.76666666666667,22.0,11.666666666666666,8.0,3.0,65.66666666666667,674.0,608.3333333333334,0.896,2.823333333333333,1.3333333333333333,3.2,1400.3333333333333,9.666666666666666,3.0,1,1850000.0
1755,Curtis McElhinney,2014,31.0,15.0,0.5,2.5,0.5,2.0,40.0,11.0,5.5,5.5,0.5,33.0,369.5,336.5,0.9265,2.185,1.0,2.1,747.5,6.5,1.5,1,600000.0
1759,Alex Stalock,2014,26.0,13.0,0.0,6.5,0.5,6.0,46.15,9.0,6.0,2.5,1.5,20.5,292.0,271.5,0.889,2.37,1.0,2.35,647.0,6.0,0.5,2,1600000.0
1763,Carter Hutton,2014,28.0,20.5,0.5,9.5,2.5,7.0,36.85,17.5,10.0,6.0,2.0,47.0,517.0,470.0,0.9015,2.84,0.5,2.85,1072.0,7.5,4.0,2,725000.0
1770,Jaroslav Halak,2014,29.0,38.0,0.6666666666666666,20.33333333333333,6.666666666666667,13.666666666666666,44.66666666666666,37.0,20.33333333333333,10.0,5.0,76.33333333333333,960.6666666666666,884.3333333333334,0.9153333333333332,2.12,4.666666666666667,6.633333333333333,2166.333333333333,22.0,5.0,4,4500000.0
1771,Brian Elliott,2014,29.0,31.0,0.6666666666666666,17.666666666666668,6.0,11.666666666666666,65.83333333333333,27.0,18.33333333333333,8.0,2.333333333333333,53.333333333333336,726.3333333333334,673.0,0.923,1.9333333333333331,5.333333333333333,5.566666666666666,1717.0,18.33333333333333,3.0,3,2500000.0
1781,Reto Berra,2014,27.0,31.0,0.0,21.0,5.0,16.0,76.2,29.0,9.0,18.0,3.0,88.0,820.0,732.0,0.893,3.07,0.0,2.9,1720.0,14.0,7.0,3,1450000.0
1786,Ben Scrivens,2014,27.0,24.0,0.3333333333333333,6.666666666666667,2.6666666666666665,4.0,40.0,21.0,9.0,10.0,2.0,58.333333333333336,702.0,643.6666666666666,0.9133333333333334,2.79,2.0,4.566666666666666,1302.3333333333333,12.333333333333334,2.333333333333333,2,2300000.0
1788,Anton Khudobin,2014,27.0,17.0,0.0,2.0,0.3333333333333333,1.6666666666666667,55.56666666666666,16.333333333333332,9.666666666666666,6.0,0.6666666666666666,37.333333333333336,503.0,465.6666666666667,0.9413333333333332,1.873333333333333,0.6666666666666666,3.8,982.3333333333334,10.333333333333334,1.6666666666666667,2,2250000.0
1796,Semyon Varlamov,2014,25.0,50.333333333333336,1.6666666666666667,17.666666666666668,3.6666666666666665,14.0,76.0,48.333333333333336,26.0,19.666666666666668,4.0,126.66666666666669,1528.0,1401.3333333333333,0.9143333333333334,2.6733333333333333,3.0,10.0,2913.6666666666665,28.0,7.0,5,5900000.0
1800,Steve Mason,2014,25.0,42.333333333333336,1.3333333333333333,14.0,5.0,9.0,41.86666666666667,40.66666666666666,18.666666666666668,17.333333333333332,3.6666666666666665,111.66666666666669,1222.3333333333333,1110.6666666666667,0.909,2.8266666666666667,1.6666666666666667,6.7,2370.0,20.33333333333333,8.333333333333334,3,4100000.0
1801,Jeff Zatkoff,2014,26.0,20.0,1.0,4.0,2.0,2.0,50.0,18.0,12.0,6.0,2.0,51.0,582.0,531.0,0.912,2.61,1.0,3.4,1171.0,9.0,3.0,2,600000.0
1807,Henrik Lundqvist,2013,32.0,57.66666666666666,2.333333333333333,32.0,6.666666666666667,25.33333333333333,77.60000000000001,57.333333333333336,33.0,20.33333333333333,4.333333333333333,121.0,1636.0,1515.0,0.9263333333333332,2.1,7.0,12.466666666666669,3445.333333333333,35.0,4.333333333333333,7,8500000.0
1813,Ilya Bryzgalov,2013,33.0,55.66666666666666,1.6666666666666667,22.0,9.666666666666666,12.333333333333334,52.66666666666666,54.66666666666666,29.33333333333333,17.666666666666668,6.666666666666667,138.66666666666666,1581.6666666666667,1443.0,0.91,2.583333333333333,4.666666666666667,9.433333333333332,3257.6666666666665,30.666666666666668,10.0,1,2000000.0
1826,Tim Thomas,2013,39.0,58.0,2.0,22.5,7.5,15.0,64.75,55.0,35.0,15.0,5.0,122.0,1735.0,1613.0,0.929,2.18,7.0,13.85,3358.0,35.5,3.0,1,2500000.0
1843,Corey Crawford,2013,29.0,48.0,0.3333333333333333,28.33333333333333,7.666666666666667,20.666666666666668,74.76666666666667,46.0,27.33333333333333,13.333333333333334,6.0,110.33333333333331,1273.6666666666667,1163.3333333333333,0.9153333333333332,2.32,2.333333333333333,7.766666666666667,2772.0,26.666666666666668,6.666666666666667,6,6000000.0
1880,Jhonas Enroth,2013,25.0,17.333333333333332,0.0,14.333333333333334,5.0,9.333333333333334,45.76666666666667,14.666666666666666,7.0,5.666666666666667,2.333333333333333,41.66666666666666,488.3333333333333,446.6666666666667,0.9143333333333334,2.676666666666667,1.0,3.0666666666666664,930.3333333333334,9.666666666666666,2.333333333333333,2,1250000.0
1900,Tuukka Rask,2013,26.0,29.33333333333333,0.3333333333333333,15.0,5.0,10.0,63.4,27.666666666666668,13.666666666666666,10.666666666666666,3.333333333333333,61.66666666666666,822.3333333333334,760.6666666666666,0.9253333333333336,2.24,3.333333333333333,6.2,1662.3333333333333,18.0,4.0,8,7000000.0
1926,Ray Emery,2013,30.0,21.666666666666668,0.3333333333333333,6.333333333333333,2.0,4.333333333333333,48.26666666666667,18.33333333333333,13.0,4.0,1.3333333333333333,46.333333333333336,522.0,475.6666666666667,0.916,2.3433333333333333,1.0,3.1,1139.0,9.666666666666666,2.0,1,1650000.0
1934,Jonathan Bernier,2013,24.0,18.33333333333333,0.3333333333333333,3.333333333333333,2.6666666666666665,0.6666666666666666,13.333333333333334,15.666666666666666,8.333333333333334,5.666666666666667,2.0,38.66666666666666,447.0,408.3333333333333,0.9146666666666668,2.236666666666667,1.6666666666666667,2.733333333333333,1012.0,9.333333333333334,2.333333333333333,2,2900000.0
1942,Jason LaBarbera,2013,33.0,17.0,0.0,6.333333333333333,3.333333333333333,3.0,54.36666666666667,13.0,4.666666666666667,7.0,2.6666666666666665,41.0,477.6666666666667,436.6666666666667,0.9146666666666668,2.813333333333333,0.6666666666666666,2.9333333333333336,874.6666666666666,7.666666666666667,1.3333333333333333,1,1000000.0
1958,Thomas Greiss,2013,27.0,12.5,0.0,3.5,1.0,2.5,35.7,9.5,5.0,5.5,0.5,26.5,312.5,286.0,0.915,2.415,0.5,2.0,675.5,5.0,1.5,1,750000.0
1969,Dan Ellis,2013,33.0,24.33333333333333,1.3333333333333333,9.666666666666666,2.6666666666666665,7.0,45.0,19.33333333333333,9.333333333333334,7.666666666666667,3.0,60.66666666666666,619.3333333333334,558.6666666666666,0.905,2.873333333333333,1.0,2.9333333333333336,1274.6666666666667,8.333333333333334,5.0,2,900000.0
1975,Al Montoya,2013,28.0,19.33333333333333,0.3333333333333333,7.333333333333333,2.6666666666666665,4.666666666666667,42.73333333333333,16.333333333333332,7.0,5.666666666666667,3.333333333333333,50.66666666666666,528.3333333333334,477.6666666666667,0.9043333333333332,2.8000000000000003,0.6666666666666666,2.6333333333333333,1075.0,9.333333333333334,3.333333333333333,1,601000.0
1989,Sergei Bobrovsky,2013,24.0,40.333333333333336,0.6666666666666666,17.0,6.666666666666667,10.333333333333334,56.73333333333333,38.0,21.0,11.333333333333334,5.333333333333333,94.0,1126.6666666666667,1032.6666666666667,0.9153333333333332,2.536666666666666,1.3333333333333333,7.3,2262.0,23.666666666666668,5.0,2,5625000.0
1992,Mike Smith,2013,31.0,41.0,1.0,24.33333333333333,8.333333333333334,16.0,74.63333333333334,40.333333333333336,22.0,12.0,5.333333333333333,95.33333333333331,1193.3333333333333,1098.0,0.913,2.56,4.666666666666667,8.266666666666666,2353.6666666666665,23.0,7.0,6,5666667.0
2004,Niklas Backstrom,2013,35.0,46.333333333333336,1.0,21.33333333333333,10.333333333333334,11.0,50.9,45.333333333333336,21.666666666666668,18.666666666666668,5.0,111.66666666666669,1312.3333333333333,1200.6666666666667,0.9146666666666668,2.523333333333333,3.0,8.266666666666667,2645.333333333333,23.666666666666668,8.333333333333334,3,3416666.0
2025,Curtis McElhinney,2013,30.0,15.0,0.5,0.0,0.0,0.0,0.0,11.5,5.0,6.5,0.5,38.0,378.5,340.5,0.9205,2.425,1.0,1.7,733.5,5.0,3.5,1,600000.0
2029,Michal Neuvirth,2013,25.0,33.0,0.3333333333333333,12.666666666666666,4.333333333333333,8.333333333333334,43.4,28.666666666666668,14.666666666666666,10.0,3.6666666666666665,79.33333333333333,875.3333333333334,796.0,0.909,2.67,2.333333333333333,4.9,1810.6666666666667,14.333333333333334,3.333333333333333,2,2400000.0
2033,Joey MacDonald,2013,33.0,16.666666666666668,0.0,6.0,1.6666666666666667,4.333333333333333,48.16666666666666,12.666666666666666,7.0,6.333333333333333,1.6666666666666667,38.333333333333336,421.3333333333333,383.0,0.9103333333333332,2.536666666666666,0.3333333333333333,2.3666666666666667,891.6666666666666,5.0,2.0,1,925000.0
2036,Jimmy Howard,2013,29.0,54.0,1.0,21.0,5.0,16.0,75.86666666666666,54.0,31.0,15.666666666666666,5.333333333333333,124.66666666666669,1485.0,1360.3333333333333,0.917,2.3466666666666667,4.333333333333333,9.533333333333331,3140.333333333333,30.33333333333333,7.666666666666667,6,5291666.0
2037,Ben Bishop,2013,26.0,13.0,0.0,10.666666666666666,3.333333333333333,7.333333333333333,59.1,11.666666666666666,5.666666666666667,5.333333333333333,1.0,31.666666666666668,370.6666666666667,339.0,0.9093333333333334,2.64,1.0,2.3666666666666667,720.3333333333334,7.0,2.333333333333333,2,2300000.0
2039,Peter Budaj,2013,30.0,25.0,1.3333333333333333,12.666666666666666,3.333333333333333,9.333333333333334,74.66666666666667,22.0,9.333333333333334,9.666666666666666,3.333333333333333,66.33333333333333,671.6666666666666,605.3333333333334,0.9053333333333334,2.6766666666666663,0.6666666666666666,3.1333333333333333,1377.3333333333333,9.0,3.0,2,1400000.0
2040,Steve Mason,2013,24.0,40.0,1.3333333333333333,13.666666666666666,4.666666666666667,9.0,42.56666666666667,38.333333333333336,15.666666666666666,18.33333333333333,3.6666666666666665,114.33333333333331,1152.3333333333333,1038.0,0.9036666666666668,3.0033333333333334,1.3333333333333333,5.266666666666667,2217.0,17.0,10.0,1,1500000.0
2064,Braden Holtby,2013,23.0,19.0,1.0,6.666666666666667,2.0,4.666666666666667,65.33333333333333,17.666666666666668,12.333333333333334,5.333333333333333,1.3333333333333333,42.333333333333336,549.0,506.6666666666667,0.9253333333333336,2.29,2.333333333333333,4.066666666666666,1062.0,10.333333333333334,2.6666666666666665,2,1850000.0
2066,Viktor Fasth,2013,30.0,25.0,0.0,20.0,7.0,13.0,65.0,23.0,15.0,6.0,2.0,52.0,661.0,609.0,0.921,2.18,4.0,4.8,1428.0,14.0,3.0,2,2900000.0
2081,Dan Ellis,2013,32.0,24.33333333333333,1.3333333333333333,9.666666666666666,2.6666666666666665,7.0,45.0,19.33333333333333,9.333333333333334,7.666666666666667,3.0,60.66666666666666,619.3333333333334,558.6666666666666,0.905,2.873333333333333,1.0,2.9333333333333336,1274.6666666666667,8.333333333333334,5.0,1,650000.0
2096,Kari Lehtonen,2012,28.0,46.66666666666666,3.333333333333333,25.33333333333333,7.666666666666667,17.666666666666668,78.16666666666667,45.66666666666666,24.0,16.666666666666668,5.0,114.0,1377.3333333333333,1263.3333333333333,0.9156666666666666,2.563333333333333,2.333333333333333,8.966666666666667,2759.6666666666665,26.33333333333333,5.333333333333333,5,5900000.0
2113,Jean-Sebastien Giguere,2012,35.0,33.333333333333336,0.0,12.666666666666666,6.666666666666667,6.0,43.96666666666667,29.33333333333333,12.0,12.333333333333334,4.666666666666667,81.0,886.0,805.0,0.9086666666666666,2.6666666666666665,1.6666666666666667,4.933333333333334,1825.3333333333333,15.333333333333334,3.6666666666666665,1,1500000.0
2161,Anders Lindback,2012,24.0,19.0,0.5,1.5,0.0,1.5,50.0,14.0,8.0,6.5,1.0,40.5,470.0,429.5,0.9135,2.51,1.0,2.85,961.5,8.5,2.0,2,1800000.0
2164,Devan Dubnyk,2012,26.0,33.666666666666664,0.3333333333333333,19.0,6.666666666666667,12.333333333333334,64.73333333333333,30.33333333333333,12.0,14.333333333333334,4.333333333333333,91.66666666666669,1020.6666666666666,929.0,0.9063333333333334,2.983333333333333,1.3333333333333333,5.8,1929.6666666666667,15.333333333333334,5.333333333333333,2,3500000.0
2180,Al Montoya,2012,27.0,25.5,0.5,11.0,4.0,7.0,64.1,22.0,9.0,8.0,5.0,67.5,708.5,641.0,0.907,2.75,0.5,3.55,1437.0,13.0,4.0,1,601000.0
2184,Johan Hedberg,2012,39.0,36.0,0.6666666666666666,17.333333333333332,5.0,12.333333333333334,71.3,30.666666666666668,17.666666666666668,11.666666666666666,3.333333333333333,80.66666666666667,950.0,869.3333333333334,0.915,2.4066666666666667,3.333333333333333,6.0,1980.0,17.333333333333332,3.6666666666666665,2,1400000.0
2185,Carey Price,2012,24.0,59.333333333333336,1.6666666666666667,27.0,8.333333333333334,18.666666666666668,70.2,58.0,25.666666666666668,25.33333333333333,7.333333333333333,144.66666666666666,1768.3333333333333,1623.6666666666667,0.917,2.516666666666667,4.0,11.766666666666666,3502.6666666666665,32.666666666666664,7.0,6,6500000.0
2188,Martin Brodeur,2012,40.0,64.0,3.0,0.0,0.0,0.0,0.0,63.0,33.0,24.0,4.333333333333333,143.66666666666666,1596.3333333333333,1452.6666666666667,0.909,2.3666666666666667,6.0,9.133333333333333,3669.0,33.333333333333336,11.333333333333334,2,4500000.0
2197,Jonathan Quick,2012,27.0,67.33333333333333,1.6666666666666667,47.333333333333336,13.666666666666666,33.666666666666664,71.5,66.33333333333333,36.333333333333336,22.33333333333333,7.666666666666667,149.0,1807.0,1658.0,0.918,2.2433333333333336,6.666666666666667,11.966666666666669,3982.6666666666665,38.0,9.333333333333334,10,5800000.0
2199,Chris Mason,2012,36.0,38.0,0.0,17.666666666666668,5.0,12.666666666666666,70.13333333333334,34.333333333333336,17.0,14.0,4.0,95.33333333333331,1001.0,905.6666666666666,0.901,2.8366666666666664,1.6666666666666667,5.133333333333334,2063.0,17.0,6.333333333333333,1,1250000.0
2214,Scott Clemmensen,2012,34.0,28.0,0.6666666666666666,18.0,6.666666666666667,11.333333333333334,67.89999999999999,23.33333333333333,10.333333333333334,8.333333333333334,5.0,66.66666666666667,758.0,691.3333333333334,0.912,2.7,1.0,4.5,1492.3333333333333,12.0,4.0,2,1200000.0
2223,Michael Leighton,2012,31.0,17.5,0.5,2.5,0.0,2.5,50.0,16.0,9.0,4.5,1.0,44.5,467.5,423.0,0.897,3.42,0.5,2.45,929.5,9.5,3.0,1,900000.0
2230,Jonas Gustavsson,2012,27.0,35.666666666666664,1.0,9.333333333333334,3.6666666666666665,5.666666666666667,60.23333333333333,32.0,13.0,15.0,5.0,97.33333333333331,971.0,873.6666666666666,0.898,3.023333333333333,1.6666666666666667,4.4,1961.0,11.333333333333334,3.6666666666666665,2,1500000.0
2234,Martin Biron,2012,34.0,22.33333333333333,1.3333333333333333,7.333333333333333,2.6666666666666665,4.666666666666667,63.66666666666666,20.33333333333333,9.666666666666666,8.666666666666666,2.0,57.333333333333336,601.3333333333334,544.0,0.9076666666666666,2.62,1.0,3.0666666666666664,1260.6666666666667,8.666666666666666,2.6666666666666665,2,1300000.0
2245,Tuukka Rask,2012,25.0,32.333333333333336,1.0,17.333333333333332,6.0,11.333333333333334,62.26666666666667,29.33333333333333,14.666666666666666,11.333333333333334,3.333333333333333,66.33333333333333,902.6666666666666,836.3333333333334,0.926,2.23,3.333333333333333,6.933333333333334,1815.0,19.33333333333333,3.333333333333333,1,3500000.0
2249,Cory Schneider,2012,26.0,20.0,1.6666666666666667,3.6666666666666665,1.0,2.6666666666666665,54.16666666666666,17.0,12.0,4.333333333333333,1.0,38.66666666666666,572.6666666666666,534.0,0.927,2.6666666666666665,1.3333333333333333,4.8,1094.6666666666667,12.0,1.6666666666666667,3,4000000.0
2258,Ondrej Pavelec,2012,24.0,56.0,1.0,18.33333333333333,7.666666666666667,10.666666666666666,56.0,53.66666666666666,21.33333333333333,23.0,8.333333333333334,155.0,1698.0,1543.0,0.9086666666666666,2.9766666666666666,3.333333333333333,9.4,3158.0,26.0,8.666666666666666,5,3900000.0
2263,Josh Harding,2012,28.0,29.5,0.5,16.5,3.0,13.5,84.15,26.0,11.0,12.0,2.0,73.5,836.5,763.0,0.911,2.835,1.5,5.0,1577.5,13.5,4.0,3,1900000.0
2276,Tomas Vokoun,2012,35.0,56.0,1.6666666666666667,22.0,7.666666666666667,14.333333333333334,65.26666666666667,55.0,23.33333333333333,24.33333333333333,6.0,134.0,1711.0,1577.0,0.9213333333333334,2.536666666666666,5.666666666666667,12.133333333333333,3167.333333333333,30.666666666666668,7.333333333333333,2,2000000.0
2286,Ray Emery,2012,29.0,24.33333333333333,0.6666666666666666,7.333333333333333,2.333333333333333,5.0,46.43333333333334,21.666666666666668,12.666666666666666,7.333333333333333,1.6666666666666667,59.0,629.6666666666666,570.6666666666666,0.9103333333333332,2.5766666666666667,1.0,3.3666666666666667,1328.3333333333333,11.0,3.6666666666666665,1,1150000.0
2312,Brian Elliott,2012,26.0,49.333333333333336,0.3333333333333333,17.666666666666668,6.333333333333333,11.333333333333334,64.03333333333333,44.66666666666666,22.33333333333333,18.33333333333333,5.666666666666667,118.0,1315.6666666666667,1197.6666666666667,0.914,2.49,5.666666666666667,7.566666666666666,2752.0,23.33333333333333,8.333333333333334,2,1800000.0
2322,Pekka Rinne,2011,29.0,58.0,0.3333333333333333,34.333333333333336,7.666666666666667,26.666666666666668,78.06666666666666,55.66666666666666,31.33333333333333,17.666666666666668,6.0,130.0,1627.0,1497.0,0.9193333333333332,2.3433333333333333,6.666666666666667,11.4,3344.6666666666665,32.0,7.666666666666667,7,7000000.0
2328,Ray Emery,2011,28.0,19.5,0.5,4.5,1.0,3.5,38.9,19.0,11.5,6.5,0.5,47.0,527.5,480.5,0.9155,2.46,1.5,3.1500000000000004,1105.5,10.5,3.0,1,600000.0
2400,Jason LaBarbera,2011,31.0,20.666666666666668,0.0,16.333333333333332,7.0,9.333333333333334,54.23333333333333,17.333333333333332,7.666666666666667,7.0,3.333333333333333,49.333333333333336,554.0,504.6666666666667,0.9126666666666666,2.723333333333333,1.3333333333333333,3.333333333333333,1085.6666666666667,11.0,4.0,2,1250000.0
2411,Tomas Vokoun,2011,34.0,59.66666666666666,1.3333333333333333,27.0,9.0,18.0,71.39999999999999,58.0,23.666666666666668,26.33333333333333,7.333333333333333,144.0,1896.3333333333333,1752.3333333333333,0.9243333333333332,2.53,6.333333333333333,14.2,3414.333333333333,34.0,6.0,1,1500000.0
2416,Semyon Varlamov,2011,23.0,19.666666666666668,0.3333333333333333,13.666666666666666,4.0,9.666666666666666,45.06666666666666,17.666666666666668,10.0,4.333333333333333,4.0,45.333333333333336,545.3333333333334,500.0,0.917,2.3833333333333333,1.3333333333333333,3.6,1138.6666666666667,11.0,2.0,3,2833333.0
2431,Johan Hedberg,2011,38.0,38.0,0.6666666666666666,15.0,3.0,12.0,80.39999999999999,31.666666666666668,16.333333333333332,13.333333333333334,3.6666666666666665,94.33333333333331,1002.3333333333334,908.0,0.9043333333333332,2.83,2.0,5.433333333333333,2022.0,16.333333333333332,5.333333333333333,1,1250000.0
2444,Alex Auld,2011,30.0,27.666666666666668,1.0,14.666666666666666,4.0,10.666666666666666,75.23333333333333,23.33333333333333,10.333333333333334,9.0,4.0,66.0,711.3333333333334,645.3333333333334,0.9066666666666668,2.69,0.3333333333333333,4.0,1499.3333333333333,12.0,3.333333333333333,1,1000000.0
2446,Mike Smith,2011,29.0,35.0,0.6666666666666666,15.0,6.666666666666667,8.333333333333334,69.56666666666666,32.0,13.333333333333334,14.0,5.666666666666667,94.33333333333331,1007.6666666666666,913.3333333333334,0.905,2.8666666666666667,1.6666666666666667,5.533333333333334,1982.0,17.333333333333332,5.0,2,2000000.0
2457,Josh Harding,2011,27.0,22.0,0.5,6.0,1.0,5.0,70.0,16.5,6.0,10.5,0.5,49.0,572.5,523.5,0.917,2.63,0.5,3.7,1085.0,7.0,2.0,1,750000.0
2459,Mathieu Garon,2011,33.0,30.0,0.3333333333333333,11.0,4.333333333333333,6.666666666666667,63.0,24.0,10.0,10.666666666666666,4.0,74.66666666666667,749.0,674.3333333333334,0.8993333333333333,2.8833333333333333,1.6666666666666667,3.5333333333333337,1576.6666666666667,11.333333333333334,6.0,2,1300000.0
2464,Jean-Sebastien Giguere,2011,34.0,38.0,0.0,14.333333333333334,6.333333333333333,8.0,56.66666666666666,34.0,13.333333333333334,14.666666666666666,5.666666666666667,100.33333333333331,1027.3333333333333,927.0,0.9023333333333332,2.94,1.6666666666666667,5.166666666666667,2038.0,15.666666666666666,5.666666666666667,2,1250000.0
2471,Peter Budaj,2011,28.0,38.66666666666666,1.0,18.0,5.0,13.0,78.60000000000001,35.0,13.333333333333334,18.33333333333333,3.6666666666666665,105.33333333333331,1050.3333333333333,945.0,0.9036666666666668,2.9,1.3333333333333333,4.966666666666667,2133.0,16.0,7.333333333333333,2,1150000.0
2502,Ilya Bryzgalov,2011,31.0,67.33333333333333,1.0,38.333333333333336,12.666666666666666,25.666666666666668,62.86666666666667,65.66666666666667,34.666666666666664,23.666666666666668,7.333333333333333,170.33333333333334,2026.6666666666667,1856.3333333333333,0.9156666666666666,2.583333333333333,6.0,13.333333333333334,3968.0,38.66666666666666,9.666666666666666,9,5666667.0
2508,Henrik Karlsson,2011,27.0,17.0,0.0,11.0,5.0,6.0,54.5,11.0,4.0,5.0,6.0,36.0,391.0,355.0,0.908,2.58,0.0,2.1,838.0,6.0,3.0,2,862500.0
2516,James Reimer,2011,23.0,37.0,1.0,11.0,3.0,8.0,72.7,35.0,20.0,10.0,5.0,90.0,1134.0,1044.0,0.921,2.6,3.0,7.8,2080.0,21.0,4.0,3,1800000.0
2530,Corey Crawford,2011,26.0,29.0,0.5,9.5,1.5,8.0,42.1,28.0,16.5,9.5,3.0,65.5,790.0,724.5,0.9155,2.67,2.0,5.1,1698.0,17.5,3.0,3,2666667.0
2533,Kari Lehtonen,2011,27.0,42.333333333333336,2.6666666666666665,19.666666666666668,6.333333333333333,13.333333333333334,78.3,41.0,19.666666666666668,16.666666666666668,4.666666666666667,113.33333333333331,1297.0,1183.6666666666667,0.912,2.806666666666666,2.0,7.966666666666666,2468.6666666666665,23.33333333333333,5.333333333333333,3,3550000.0
2535,Al Montoya,2011,26.0,12.5,0.5,4.5,1.5,3.0,33.35,11.0,6.0,3.0,2.5,27.5,352.5,325.0,0.923,2.2350000000000003,1.0,2.5,706.5,8.0,0.5,1,601000.0
2536,Craig Anderson,2011,29.0,51.0,1.6666666666666667,26.0,8.0,18.0,66.3,49.0,25.666666666666668,17.333333333333332,5.333333333333333,131.66666666666666,1585.3333333333333,1453.6666666666667,0.918,2.723333333333333,4.0,10.533333333333331,2912.0,28.666666666666668,8.666666666666666,4,3187500.0
2538,Antti Niemi,2011,27.0,34.0,0.6666666666666666,20.0,4.666666666666667,15.333333333333334,50.9,32.333333333333336,20.666666666666668,8.666666666666666,3.6666666666666665,76.66666666666667,912.0,835.3333333333334,0.8986666666666667,2.6766666666666663,4.333333333333333,5.833333333333333,1951.6666666666667,18.33333333333333,4.666666666666667,4,3800000.0
2541,Jimmy Howard,2011,26.0,42.333333333333336,1.0,23.666666666666668,6.333333333333333,17.333333333333332,52.23333333333333,41.333333333333336,24.666666666666668,11.0,5.0,104.33333333333331,1235.6666666666667,1131.3333333333333,0.8963333333333333,3.0499999999999994,1.6666666666666667,7.900000000000001,2471.333333333333,22.0,5.0,2,2250000.0
2572,Michal Neuvirth,2010,22.0,11.0,0.0,0.0,0.0,0.0,0.0,9.5,5.5,2.5,0.0,25.5,283.0,257.5,0.903,2.875,0.0,1.65,546.0,5.5,2.5,2,1150000.0
2573,Steve Mason,2010,22.0,59.5,1.0,29.5,10.5,19.0,64.05,57.5,26.5,23.0,8.0,151.5,1655.5,1504.0,0.9085,2.67,7.5,9.6,3432.5,29.5,12.5,2,2900000.0
2588,Carey Price,2010,23.0,46.5,1.0,26.0,9.0,17.0,66.75,44.0,18.0,18.0,7.5,126.0,1378.5,1252.5,0.9085,2.8,0.5,8.05,2697.0,25.5,6.0,2,2750000.0
2589,Antti Niemi,2010,27.0,21.0,0.5,16.0,3.0,13.0,40.65,18.5,13.5,4.0,2.5,45.0,497.5,452.5,0.888,2.825,3.5,2.9,1165.5,9.0,4.0,1,2000000.0
2640,Ondrej Pavelec,2010,22.0,27.0,0.5,5.5,3.0,2.5,22.75,25.5,8.5,12.5,3.5,81.5,827.0,745.5,0.893,3.4450000000000003,1.0,4.1,1458.0,10.0,5.0,2,1150000.0
2652,Josh Harding,2010,26.0,22.0,0.5,6.0,1.0,5.0,70.0,16.5,6.0,10.5,0.5,49.0,572.5,523.5,0.917,2.63,0.5,3.7,1085.0,7.0,2.0,1,1200000.0
2654,Devan Dubnyk,2010,24.0,19.0,0.0,11.0,3.0,8.0,72.7,16.0,4.0,10.0,2.0,64.0,579.0,515.0,0.889,3.57,0.0,2.0,1075.0,5.0,4.0,2,800000.0
2675,Jaroslav Halak,2010,25.0,39.5,0.0,14.0,3.5,10.5,73.80000000000001,38.0,22.0,13.5,3.0,98.5,1231.5,1133.0,0.9195,2.63,3.0,8.8,2280.5,22.0,3.5,4,3750000.0
2697,Johan Hedberg,2010,37.0,40.0,0.5,17.0,3.0,14.0,84.25,34.0,17.0,14.0,4.5,107.5,1115.0,1007.5,0.9005000000000001,3.055,1.5,5.85,2174.5,16.0,6.0,1,1000000.0
2701,Martin Biron,2010,32.0,42.0,2.5,12.5,4.0,8.5,66.55,39.5,19.0,16.5,4.5,117.5,1288.5,1171.0,0.9055,3.015,1.5,7.6,2405.5,19.0,5.0,2,875000.0
2708,Alex Auld,2010,29.0,33.5,1.0,20.0,5.5,14.5,75.35,29.0,12.5,12.5,5.0,82.5,875.5,793.0,0.903,2.715,0.5,4.85,1874.5,15.0,4.0,1,1000000.0
2709,Chris Mason,2010,34.0,59.0,0.5,23.0,7.5,15.5,66.25,56.0,28.5,21.5,7.5,138.5,1621.5,1483.0,0.9145,2.47,4.0,10.55,3363.5,33.5,9.0,2,1850000.0
2726,Dan Ellis,2010,30.0,33.0,0.5,10.5,4.0,6.5,62.75,30.5,13.0,16.0,2.5,86.5,905.5,819.0,0.9045,2.81,2.0,4.9,1840.0,15.0,6.5,2,1500000.0
2731,Michael Leighton,2010,29.0,26.5,0.5,5.0,1.5,3.5,70.0,22.5,11.5,8.0,2.0,67.5,703.0,635.5,0.903,2.875,0.5,3.7,1414.0,13.0,3.5,2,1550000.0
2753,Peter Budaj,2010,27.0,35.5,1.0,20.0,7.0,13.0,71.45,33.0,12.5,17.0,3.5,93.0,958.5,865.5,0.908,2.75,1.5,5.1,1980.0,17.5,7.5,1,1250000.0
2762,Jonas Gustavsson,2010,25.0,42.0,2.0,7.0,3.0,4.0,57.1,39.0,16.0,15.0,9.0,112.0,1146.0,1034.0,0.902,2.87,1.0,5.7,2340.0,14.0,5.0,2,1350000.0
2776,Pekka Rinne,2010,27.0,55.0,0.5,34.5,8.0,26.5,77.4,51.5,30.5,15.5,4.5,128.0,1488.0,1360.0,0.914,2.455,7.0,9.55,3122.5,26.5,7.5,2,3400000.0
2778,Jonas Hiller,2010,27.0,52.5,1.0,29.0,7.5,21.5,73.45,48.0,26.5,19.0,2.5,125.5,1538.5,1413.0,0.9185,2.56,3.0,10.65,2912.0,27.5,6.5,4,4500000.0
2790,Jonathan Quick,2009,23.0,44.0,1.0,14.0,4.0,10.0,71.4,41.0,21.0,18.0,2.0,103.0,1200.0,1097.0,0.914,2.48,4.0,7.9,2495.0,23.0,6.0,3,1800000.0
2801,Cam Ward,2009,25.0,68.0,1.0,19.0,7.0,12.0,63.2,68.0,39.0,23.0,5.0,160.0,1901.0,1741.0,0.916,2.44,6.0,12.9,3928.0,43.0,10.0,6,6300000.0
2819,Roberto Luongo,2009,31.0,54.0,1.0,29.0,8.0,21.0,72.4,53.0,33.0,13.0,7.0,124.0,1542.0,1418.0,0.92,2.34,9.0,11.1,3181.0,32.0,7.0,12,5333333.0
2831,Brian Elliott,2009,24.0,31.0,0.0,16.0,6.0,10.0,62.5,30.0,16.0,8.0,3.0,77.0,786.0,709.0,0.902,2.77,1.0,4.1,1667.0,15.0,7.0,2,850000.0
2838,Josh Harding,2009,25.0,19.0,0.0,2.0,1.0,1.0,50.0,11.0,3.0,9.0,1.0,32.0,453.0,421.0,0.929,2.21,0.0,3.8,870.0,5.0,0.0,1,1100000.0
2846,Martin Biron,2009,31.0,55.0,4.0,17.0,5.0,12.0,70.6,53.0,29.0,19.0,5.0,146.0,1718.0,1572.0,0.915,2.76,2.0,11.5,3177.0,29.0,7.0,1,1400000.0
2867,Kari Lehtonen,2009,25.0,46.0,1.0,22.0,5.0,17.0,77.3,45.0,19.0,22.0,3.0,134.0,1498.0,1364.0,0.911,3.06,3.0,9.3,2624.0,27.0,7.0,1,3000000.0
2875,Yann Danis,2009,28.0,31.0,0.0,5.0,3.0,2.0,40.0,29.0,10.0,17.0,3.0,84.0,933.0,849.0,0.91,2.86,2.0,5.7,1760.0,18.0,7.0,1,500000.0
2888,Andrew Raycroft,2009,29.0,31.0,0.0,8.0,1.0,7.0,87.5,27.0,12.0,16.0,0.0,90.0,836.0,746.0,0.892,3.14,0.0,3.5,1722.0,12.0,4.0,1,500000.0
2923,Nikolai Khabibulin,2009,36.0,42.0,2.0,19.0,9.0,10.0,52.6,39.0,25.0,8.0,7.0,96.0,1192.0,1096.0,0.919,2.33,3.0,8.6,2467.0,24.0,3.0,4,3750000.0
2936,Jason LaBarbera,2009,29.0,28.0,0.0,16.0,11.0,5.0,31.3,24.0,8.0,10.0,6.0,67.0,674.0,607.0,0.901,2.78,2.0,3.4,1446.0,13.0,7.0,2,1000000.0
2944,Mathieu Garon,2009,31.0,19.0,0.0,3.0,1.0,2.0,66.7,16.0,8.0,9.0,0.0,53.0,502.0,449.0,0.894,3.12,0.0,2.2,1021.0,7.0,6.0,2,1200000.0
2946,Scott Clemmensen,2009,31.0,40.0,0.0,12.0,3.0,9.0,75.0,39.0,25.0,13.0,1.0,94.0,1138.0,1044.0,0.917,2.39,2.0,7.9,2356.0,22.0,5.0,3,1200000.0
2951,Craig Anderson,2009,28.0,31.0,1.0,11.0,7.0,4.0,36.4,27.0,15.0,7.0,5.0,74.0,977.0,903.0,0.924,2.71,3.0,7.6,1636.0,16.0,6.0,2,1812500.0
2957,Peter Budaj,2009,26.0,56.0,1.0,35.0,13.0,22.0,62.9,55.0,20.0,29.0,5.0,154.0,1531.0,1377.0,0.899,2.86,2.0,7.6,3232.0,27.0,14.0,1,1250000.0
2972,Curtis McElhinney,2009,26.0,14.0,0.0,0.0,0.0,0.0,0.0,5.0,1.0,6.0,1.0,31.0,280.0,249.0,0.889,3.59,0.0,1.1,518.0,2.0,2.0,2,535000.0
2983,Tim Thomas,2009,34.0,54.0,1.0,28.0,9.0,19.0,67.9,53.0,36.0,11.0,7.0,114.0,1694.0,1580.0,0.933,2.1,5.0,14.7,3259.0,39.0,3.0,4,5000000.0
2991,Niklas Backstrom,2009,31.0,71.0,0.0,21.0,5.0,16.0,76.2,71.0,37.0,24.0,8.0,159.0,2059.0,1900.0,0.923,2.33,8.0,15.6,4088.0,47.0,9.0,4,6000000.0
